,Age,Sex,Job,Housing,Saving accounts,Credit amount,JK,House,Sosial
1,22,female,2,own,little,tinggi,0,1,0
2,49,male,1,own,little,rendah,1,1,0
3,45,male,2,free,little,tinggi,1,0,0
4,53,male,2,free,little,tinggi,1,0,0
6,53,male,2,own,quite rich,rendah,1,1,2
7,35,male,3,rent,little,tinggi,1,2,0
8,61,male,1,own,rich,rendah,1,1,3
9,28,male,3,own,little,tinggi,1,1,0
10,25,female,2,rent,little,rendah,0,2,0
11,24,female,2,rent,little,tinggi,0,2,0
12,22,female,2,own,little,rendah,0,1,0
13,60,male,1,own,little,rendah,1,1,0
14,28,female,2,rent,little,rendah,0,2,0
15,32,female,1,own,moderate,rendah,0,1,1
18,44,female,3,free,little,tinggi,0,0,0
19,31,male,2,own,quite rich,tinggi,1,1,2
20,48,male,2,own,little,rendah,1,1,0
21,44,male,2,rent,quite rich,rendah,1,2,2
22,48,male,1,rent,little,rendah,1,2,0
23,44,male,2,own,moderate,rendah,1,1,1
25,36,male,1,own,little,rendah,1,1,0
26,39,male,1,own,little,rendah,1,1,0
27,42,female,2,rent,rich,rendah,0,2,3
28,34,male,2,own,little,rendah,1,1,0
29,63,male,2,own,little,tinggi,1,1,0
30,36,male,2,own,rich,rendah,1,1,3
31,27,male,2,own,little,tinggi,1,1,0
32,30,male,2,own,moderate,tinggi,1,1,1
34,33,female,3,own,little,rendah,0,1,0
35,25,male,1,own,little,tinggi,1,1,0
36,31,male,2,free,little,tinggi,1,0,0
37,37,male,2,own,little,rendah,1,1,0
38,37,male,2,own,little,rendah,1,1,0
39,24,male,2,own,little,rendah,1,1,0
40,30,male,3,own,quite rich,rendah,1,1,2
41,26,male,2,own,quite rich,rendah,1,1,2
42,44,male,1,own,little,tinggi,1,1,0
43,24,male,2,rent,moderate,tinggi,1,2,1
44,58,female,1,free,little,tinggi,0,0,0
45,35,female,3,own,little,rendah,0,1,0
46,39,male,2,own,quite rich,rendah,1,1,2
47,23,female,0,rent,quite rich,rendah,0,2,2
48,39,male,1,own,little,tinggi,1,1,0
49,28,female,2,own,moderate,rendah,0,1,1
51,30,male,3,own,little,tinggi,1,1,0
52,25,male,2,own,little,rendah,1,1,0
54,57,male,2,free,little,rendah,1,0,0
57,31,female,2,own,little,tinggi,0,1,0
58,23,female,3,own,little,rendah,0,1,0
59,23,female,1,rent,little,tinggi,0,2,0
60,27,male,2,own,little,rendah,1,1,0
62,61,male,3,free,little,rendah,1,0,0
63,25,male,2,own,little,tinggi,1,1,0
64,26,female,2,own,little,tinggi,0,1,0
66,29,female,2,own,little,rendah,0,1,0
67,22,male,2,own,rich,rendah,1,1,3
68,37,male,2,free,little,rendah,1,0,0
70,30,female,2,own,little,tinggi,0,1,0
72,51,male,3,free,little,rendah,1,0,0
73,41,female,1,own,little,tinggi,0,1,0
75,66,male,3,free,little,rendah,1,0,0
76,34,male,2,own,little,tinggi,1,1,0
77,51,male,2,own,little,tinggi,1,1,0
79,22,male,2,own,little,tinggi,1,1,0
81,47,male,2,own,quite rich,rendah,1,1,2
82,24,female,1,rent,moderate,rendah,0,2,1
83,58,female,1,own,little,rendah,0,1,0
84,52,male,1,own,little,rendah,1,1,0
85,29,female,3,own,little,rendah,0,1,0
86,27,female,2,own,little,rendah,0,1,0
87,47,male,2,free,moderate,tinggi,1,0,1
88,30,male,3,own,moderate,rendah,1,1,1
89,28,male,2,own,little,rendah,1,1,0
90,56,male,2,own,little,rendah,1,1,0
91,54,male,2,own,little,rendah,1,1,0
94,54,male,2,own,rich,rendah,1,1,3
95,58,male,2,rent,little,tinggi,1,2,0
97,34,male,2,own,moderate,rendah,1,1,1
98,36,male,2,own,little,rendah,1,1,0
100,41,male,1,rent,moderate,rendah,1,2,1
101,24,male,2,rent,little,rendah,1,2,0
102,24,female,2,own,little,rendah,0,1,0
103,35,male,2,rent,little,rendah,1,2,0
105,39,male,3,own,little,tinggi,1,1,0
106,39,male,3,own,little,tinggi,1,1,0
107,32,male,2,own,little,tinggi,1,1,0
109,35,male,2,own,quite rich,rendah,1,1,2
110,31,male,2,own,moderate,rendah,1,1,1
111,23,female,2,rent,little,rendah,0,2,0
112,28,male,1,rent,little,tinggi,1,2,0
113,25,female,2,own,little,tinggi,0,1,0
114,35,male,2,own,quite rich,rendah,1,1,2
118,23,female,2,own,quite rich,tinggi,0,1,2
119,36,male,3,own,quite rich,rendah,1,1,2
120,25,female,2,own,little,rendah,0,1,0
121,41,female,3,rent,little,tinggi,0,2,0
122,24,male,1,rent,little,rendah,1,2,0
123,63,male,2,free,little,rendah,1,0,0
125,30,male,2,own,little,rendah,1,1,0
126,40,male,1,own,little,rendah,1,1,0
127,30,male,2,own,little,rendah,1,1,0
128,34,male,3,own,little,rendah,1,1,0
129,29,female,2,own,little,tinggi,0,1,0
131,29,male,2,own,little,tinggi,1,1,0
132,27,male,1,own,little,rendah,1,1,0
133,47,male,2,free,little,rendah,1,0,0
134,21,female,2,own,moderate,tinggi,0,1,1
136,27,male,2,own,rich,tinggi,1,1,3
137,66,male,1,own,quite rich,rendah,1,1,2
139,44,female,1,rent,little,rendah,0,2,0
140,27,male,0,own,rich,rendah,1,1,3
141,30,female,3,own,little,tinggi,0,1,0
142,27,male,3,own,little,tinggi,1,1,0
143,22,male,2,own,little,rendah,1,1,0
144,23,female,2,own,little,rendah,0,1,0
145,30,male,2,own,moderate,tinggi,1,1,1
146,39,female,2,own,little,rendah,0,1,0
147,51,female,2,own,moderate,rendah,0,1,1
148,28,male,2,own,little,tinggi,1,1,0
149,46,male,2,own,rich,rendah,1,1,3
150,42,male,2,free,moderate,rendah,1,0,1
151,38,male,2,own,little,rendah,1,1,0
152,24,male,2,own,little,tinggi,1,1,0
153,29,female,2,rent,rich,tinggi,0,2,3
154,36,male,3,rent,moderate,tinggi,1,2,1
155,20,female,2,rent,little,rendah,0,2,0
156,48,male,2,own,moderate,rendah,1,1,1
157,45,male,1,own,little,rendah,1,1,0
158,38,male,2,own,moderate,tinggi,1,1,1
160,36,male,2,own,moderate,rendah,1,1,1
161,30,female,2,own,little,rendah,0,1,0
162,36,male,2,own,quite rich,rendah,1,1,2
163,70,male,3,free,little,tinggi,1,0,0
164,36,male,2,own,quite rich,rendah,1,1,2
165,32,male,2,own,quite rich,rendah,1,1,2
166,33,female,2,own,little,rendah,0,1,0
167,20,female,2,own,rich,rendah,0,1,3
168,25,female,2,rent,little,tinggi,0,2,0
169,31,male,2,own,little,rendah,1,1,0
170,33,male,2,rent,little,rendah,1,2,0
171,26,female,2,own,little,rendah,0,1,0
172,34,female,3,own,little,rendah,0,1,0
173,33,male,2,own,little,rendah,1,1,0
174,26,male,2,own,little,tinggi,1,1,0
176,42,male,2,own,little,rendah,1,1,0
177,52,male,2,own,quite rich,rendah,1,1,2
178,31,male,3,rent,little,rendah,1,2,0
179,65,male,2,own,little,rendah,1,1,0
180,28,male,2,own,little,tinggi,1,1,0
181,30,male,3,own,little,tinggi,1,1,0
183,50,male,2,own,rich,tinggi,1,1,3
184,36,male,2,own,little,rendah,1,1,0
185,31,male,2,own,little,rendah,1,1,0
186,74,female,3,free,little,tinggi,0,0,0
187,68,male,0,free,little,rendah,1,0,0
188,20,male,2,own,moderate,rendah,1,1,1
189,33,female,2,own,little,tinggi,0,1,0
190,54,male,3,own,rich,tinggi,1,1,3
191,34,male,1,free,moderate,tinggi,1,0,1
192,36,male,2,own,little,tinggi,1,1,0
193,29,male,2,rent,little,rendah,1,2,0
194,21,male,2,rent,moderate,rendah,1,2,1
195,34,female,3,own,little,rendah,0,1,0
196,28,female,2,own,little,rendah,0,1,0
197,27,female,2,rent,moderate,rendah,0,2,1
199,40,male,3,own,little,tinggi,1,1,0
200,52,male,2,own,quite rich,rendah,1,1,2
201,27,male,1,own,little,rendah,1,1,0
202,26,male,2,own,little,tinggi,1,1,0
203,21,male,2,rent,little,rendah,1,2,0
204,38,male,1,own,little,rendah,1,1,0
205,38,male,3,free,little,tinggi,1,0,0
206,43,male,2,own,little,rendah,1,1,0
207,26,male,2,own,little,rendah,1,1,0
208,21,male,1,own,little,tinggi,1,1,0
209,55,male,2,own,rich,rendah,1,1,3
212,50,male,2,own,little,tinggi,1,1,0
213,66,male,3,own,little,rendah,1,1,0
216,31,male,2,own,little,rendah,1,1,0
217,23,male,2,own,little,tinggi,1,1,0
218,24,male,1,rent,little,rendah,1,2,0
219,64,female,2,own,little,rendah,0,1,0
220,26,male,1,own,little,rendah,1,1,0
222,30,male,2,own,little,rendah,1,1,0
224,30,male,2,own,little,tinggi,1,1,0
225,27,male,2,own,little,rendah,1,1,0
226,27,male,2,own,rich,tinggi,1,1,3
227,53,male,3,free,little,tinggi,1,0,0
228,22,male,2,own,little,rendah,1,1,0
229,22,male,2,free,little,tinggi,1,0,0
230,26,male,2,own,little,tinggi,1,1,0
231,51,male,1,free,quite rich,rendah,1,0,2
232,35,male,2,own,moderate,rendah,1,1,1
233,25,male,1,own,little,rendah,1,1,0
234,42,male,1,own,little,rendah,1,1,0
235,30,male,3,own,little,rendah,1,1,0
237,61,male,1,rent,moderate,rendah,1,2,1
238,35,female,2,own,little,rendah,0,1,0
239,39,male,2,own,little,rendah,1,1,0
241,51,male,2,own,little,rendah,1,1,0
242,24,male,2,free,little,tinggi,1,0,0
243,27,female,2,own,little,rendah,0,1,0
244,35,female,1,own,quite rich,tinggi,0,1,2
245,25,male,2,own,little,rendah,1,1,0
246,52,male,2,own,little,rendah,1,1,0
247,35,male,2,rent,moderate,rendah,1,2,1
248,26,male,2,own,little,rendah,1,1,0
249,22,female,2,rent,little,rendah,0,2,0
250,39,female,1,own,rich,rendah,0,1,3
251,46,female,1,own,little,rendah,0,1,0
252,24,female,2,own,little,rendah,0,1,0
253,35,male,2,own,moderate,tinggi,1,1,1
256,35,male,1,own,little,rendah,1,1,0
257,29,male,2,free,little,rendah,1,0,0
258,23,female,2,own,moderate,tinggi,0,1,1
259,57,female,1,own,moderate,rendah,0,1,1
260,27,male,2,own,little,rendah,1,1,0
261,55,female,2,own,little,rendah,0,1,0
262,36,male,3,free,little,tinggi,1,0,0
263,57,female,1,free,little,rendah,0,0,0
264,32,male,1,own,little,rendah,1,1,0
265,37,male,2,own,little,rendah,1,1,0
267,38,female,2,own,little,rendah,0,1,0
268,45,male,3,own,little,tinggi,1,1,0
271,37,female,2,rent,quite rich,rendah,0,2,2
273,28,male,2,own,little,rendah,1,1,0
274,34,male,1,own,little,tinggi,1,1,0
275,32,male,2,own,little,rendah,1,1,0
276,26,female,2,own,little,rendah,0,1,0
278,32,female,2,own,little,tinggi,0,1,0
279,29,male,3,rent,moderate,rendah,1,2,1
280,23,male,2,rent,rich,tinggi,1,2,3
281,50,male,2,own,little,rendah,1,1,0
284,37,male,2,own,moderate,tinggi,1,1,1
285,35,female,1,own,little,tinggi,0,1,0
286,26,male,2,own,little,tinggi,1,1,0
287,31,male,3,free,moderate,tinggi,1,0,1
288,49,female,2,own,little,rendah,0,1,0
289,48,male,2,own,little,rendah,1,1,0
290,26,male,2,own,little,rendah,1,1,0
291,28,male,3,rent,little,tinggi,1,2,0
292,44,female,3,free,little,tinggi,0,0,0
293,56,male,2,free,little,tinggi,1,0,0
295,26,female,2,own,little,tinggi,0,1,0
298,43,male,2,own,little,rendah,1,1,0
299,32,male,2,own,rich,rendah,1,1,3
300,54,female,0,own,little,rendah,0,1,0
301,42,female,2,own,little,tinggi,0,1,0
303,49,male,2,own,little,rendah,1,1,0
304,44,male,2,free,quite rich,tinggi,1,0,2
305,33,male,2,own,rich,rendah,1,1,3
307,33,male,1,own,moderate,rendah,1,1,1
308,24,female,2,own,little,rendah,0,1,0
309,22,male,1,rent,little,rendah,1,2,0
311,25,male,2,own,moderate,tinggi,1,1,1
312,26,female,2,own,little,tinggi,0,1,0
313,25,male,1,own,little,rendah,1,1,0
315,31,male,2,own,little,rendah,1,1,0
316,38,male,1,own,little,rendah,1,1,0
318,32,male,2,own,little,rendah,1,1,0
319,27,female,1,own,little,tinggi,0,1,0
320,28,male,3,own,little,tinggi,1,1,0
321,32,male,2,own,little,rendah,1,1,0
322,34,male,3,free,little,rendah,1,0,0
323,28,male,2,own,rich,rendah,1,1,3
324,36,female,2,own,little,rendah,0,1,0
325,39,male,1,own,little,tinggi,1,1,0
327,34,female,2,own,rich,rendah,0,1,3
328,31,male,2,own,little,tinggi,1,1,0
329,28,male,2,own,little,rendah,1,1,0
330,75,male,3,free,little,tinggi,1,0,0
331,30,female,2,own,moderate,rendah,0,1,1
332,24,female,3,own,moderate,tinggi,0,1,1
333,24,female,1,rent,moderate,tinggi,0,2,1
334,23,male,2,rent,little,tinggi,1,2,0
335,44,male,3,rent,little,tinggi,1,2,0
336,23,female,1,own,little,rendah,0,1,0
338,28,male,2,own,little,tinggi,1,1,0
339,31,male,1,own,little,rendah,1,1,0
340,24,female,2,free,little,tinggi,0,0,0
341,26,female,1,rent,little,tinggi,0,2,0
342,25,male,2,rent,quite rich,tinggi,1,2,2
343,33,male,3,own,little,tinggi,1,1,0
344,37,male,1,own,little,tinggi,1,1,0
345,43,female,1,own,little,rendah,0,1,0
346,23,male,2,own,little,rendah,1,1,0
347,23,female,0,rent,quite rich,tinggi,0,2,2
348,34,male,1,own,moderate,rendah,1,1,1
349,32,male,2,free,rich,rendah,1,0,3
350,23,female,2,rent,little,rendah,0,2,0
351,29,female,2,own,little,rendah,0,1,0
353,28,male,2,rent,little,tinggi,1,2,0
354,46,male,2,free,quite rich,rendah,1,0,2
355,23,male,1,own,little,rendah,1,1,0
357,26,male,3,own,little,tinggi,1,1,0
358,28,male,2,own,little,rendah,1,1,0
359,23,female,2,rent,little,rendah,0,2,0
362,36,female,2,own,little,rendah,0,1,0
363,21,male,2,rent,little,rendah,1,2,0
364,25,male,0,own,little,rendah,1,1,0
365,36,male,2,own,little,rendah,1,1,0
366,27,male,2,own,little,tinggi,1,1,0
367,22,female,2,rent,little,tinggi,0,2,0
368,42,male,2,own,little,tinggi,1,1,0
369,40,female,2,rent,little,rendah,0,2,0
371,33,male,2,own,little,tinggi,1,1,0
372,23,female,2,rent,little,rendah,0,2,0
374,60,female,3,free,moderate,tinggi,0,0,1
375,37,female,2,rent,little,tinggi,0,2,0
376,34,male,2,own,little,rendah,1,1,0
378,57,male,3,free,little,tinggi,1,0,0
379,52,female,1,own,moderate,rendah,0,1,1
381,38,female,3,free,little,tinggi,0,0,0
383,26,male,2,own,little,rendah,1,1,0
384,26,male,1,own,moderate,tinggi,1,1,1
385,25,female,2,own,little,rendah,0,1,0
387,40,male,3,own,little,tinggi,1,1,0
388,27,male,2,own,quite rich,rendah,1,1,2
389,27,female,2,own,little,rendah,0,1,0
390,30,male,3,own,little,rendah,1,1,0
391,19,female,1,rent,rich,rendah,0,2,3
392,39,male,3,free,little,tinggi,1,0,0
393,31,female,2,own,little,rendah,0,1,0
394,31,male,3,own,little,rendah,1,1,0
395,32,male,2,rent,moderate,tinggi,1,2,1
396,55,female,3,free,little,rendah,0,0,0
397,46,male,2,own,little,rendah,1,1,0
398,46,male,2,rent,little,rendah,1,2,0
399,43,female,1,own,rich,rendah,0,1,3
400,39,male,2,own,little,rendah,1,1,0
402,27,male,2,own,little,tinggi,1,1,0
403,27,male,1,own,little,rendah,1,1,0
405,22,male,2,own,little,rendah,1,1,0
407,27,male,2,own,little,rendah,1,1,0
408,26,male,3,own,quite rich,tinggi,1,1,2
409,28,male,2,own,quite rich,rendah,1,1,2
410,20,female,2,own,little,rendah,0,1,0
411,35,male,3,own,little,tinggi,1,1,0
412,42,male,3,own,little,rendah,1,1,0
413,40,male,1,rent,quite rich,rendah,1,2,2
415,35,male,2,own,little,tinggi,1,1,0
416,33,male,1,own,little,rendah,1,1,0
418,31,female,3,own,quite rich,rendah,0,1,2
420,20,female,2,rent,rich,tinggi,0,2,3
422,47,male,1,own,little,rendah,1,1,0
423,34,male,3,own,moderate,rendah,1,1,1
425,21,male,2,rent,little,rendah,1,2,0
426,29,male,2,own,little,rendah,1,1,0
427,46,male,2,own,rich,rendah,1,1,3
428,20,male,2,own,little,rendah,1,1,0
429,55,female,0,free,little,rendah,0,0,0
430,74,male,1,own,little,tinggi,1,1,0
431,29,male,3,own,little,tinggi,1,1,0
432,36,male,3,free,little,rendah,1,0,0
433,33,male,2,own,little,rendah,1,1,0
434,25,male,2,own,little,rendah,1,1,0
436,23,male,1,rent,quite rich,rendah,1,2,2
437,37,female,2,own,rich,rendah,0,1,3
438,65,male,0,own,little,tinggi,1,1,0
439,26,female,0,own,little,rendah,0,1,0
440,39,male,3,own,little,rendah,1,1,0
441,30,female,2,own,little,rendah,0,1,0
442,29,male,2,own,little,rendah,1,1,0
443,41,male,1,own,little,rendah,1,1,0
444,30,female,3,own,little,tinggi,0,1,0
446,34,female,2,own,little,rendah,0,1,0
447,35,male,2,own,little,rendah,1,1,0
449,61,male,2,own,rich,rendah,1,1,3
451,29,female,2,own,little,rendah,0,1,0
452,34,male,2,own,little,rendah,1,1,0
453,35,male,3,own,little,rendah,1,1,0
454,31,male,2,own,little,tinggi,1,1,0
455,29,female,3,own,little,rendah,0,1,0
456,36,male,2,rent,little,tinggi,1,2,0
457,35,male,2,free,little,tinggi,1,0,0
458,27,female,2,own,little,rendah,0,1,0
459,32,male,2,own,little,tinggi,1,1,0
460,37,male,2,own,little,tinggi,1,1,0
461,36,male,2,own,little,rendah,1,1,0
462,34,female,3,rent,little,rendah,0,2,0
464,34,male,2,own,little,rendah,1,1,0
465,63,male,2,own,little,rendah,1,1,0
466,29,female,1,rent,little,rendah,0,2,0
468,26,female,2,own,little,rendah,0,1,0
469,35,male,1,own,little,tinggi,1,1,0
470,22,male,2,rent,moderate,rendah,1,2,1
471,23,female,2,own,little,rendah,0,1,0
472,28,male,1,own,little,rendah,1,1,0
474,33,male,2,own,little,rendah,1,1,0
475,26,female,2,rent,little,rendah,0,2,0
476,24,male,2,own,quite rich,rendah,1,1,2
477,25,male,2,own,little,tinggi,1,1,0
478,39,male,1,own,moderate,rendah,1,1,1
479,44,male,2,own,little,rendah,1,1,0
480,23,female,1,own,little,tinggi,0,1,0
481,26,male,2,own,little,rendah,1,1,0
482,57,female,2,rent,rich,tinggi,0,2,3
483,30,female,2,own,rich,rendah,0,1,3
484,44,male,2,own,quite rich,rendah,1,1,2
485,47,male,3,own,little,rendah,1,1,0
486,52,male,2,own,little,rendah,1,1,0
487,62,female,2,free,little,tinggi,0,0,0
488,35,male,1,rent,moderate,rendah,1,2,1
489,26,male,2,rent,little,tinggi,1,2,0
490,26,male,2,own,little,rendah,1,1,0
491,42,female,3,free,little,tinggi,0,0,0
492,27,female,2,own,moderate,rendah,0,1,1
494,39,male,1,rent,little,rendah,1,2,0
496,29,male,3,rent,moderate,tinggi,1,2,1
497,40,male,2,own,little,rendah,1,1,0
498,32,male,1,own,little,rendah,1,1,0
499,28,male,2,own,moderate,rendah,1,1,1
500,27,female,2,own,little,rendah,0,1,0
501,42,male,2,free,little,tinggi,1,0,0
502,49,male,2,own,moderate,rendah,1,1,1
503,38,male,2,own,moderate,rendah,1,1,1
504,24,female,2,rent,little,rendah,0,2,0
506,36,male,2,own,quite rich,rendah,1,1,2
507,34,male,3,own,moderate,tinggi,1,1,1
508,28,male,2,own,little,rendah,1,1,0
509,45,male,3,own,moderate,tinggi,1,1,1
510,26,male,2,own,little,rendah,1,1,0
511,32,male,3,free,little,tinggi,1,0,0
512,26,male,2,rent,little,rendah,1,2,0
513,20,male,2,rent,little,rendah,1,2,0
515,37,female,2,own,little,rendah,0,1,0
516,40,male,1,own,little,rendah,1,1,0
517,23,female,2,rent,little,tinggi,0,2,0
518,43,male,2,own,moderate,rendah,1,1,1
520,44,male,2,free,little,tinggi,1,0,0
521,24,female,2,own,little,tinggi,0,1,0
522,53,male,2,free,little,tinggi,1,0,0
523,23,female,2,own,moderate,tinggi,0,1,1
524,26,female,1,own,little,rendah,0,1,0
525,30,male,2,own,little,tinggi,1,1,0
526,31,female,2,own,moderate,rendah,0,1,1
527,42,male,1,own,little,rendah,1,1,0
528,31,male,2,rent,little,rendah,1,2,0
529,41,male,1,own,little,rendah,1,1,0
530,32,male,2,own,little,rendah,1,1,0
531,28,female,2,rent,moderate,rendah,0,2,1
532,41,male,2,rent,little,rendah,1,2,0
533,26,male,2,own,moderate,rendah,1,1,1
535,33,male,2,rent,little,rendah,1,2,0
537,37,female,2,own,little,tinggi,0,1,0
538,42,male,3,free,little,tinggi,1,0,0
539,45,female,1,own,little,rendah,0,1,0
540,23,male,2,rent,little,rendah,1,2,0
541,60,male,2,free,little,rendah,1,0,0
543,34,male,1,own,little,rendah,1,1,0
544,61,male,1,own,little,rendah,1,1,0
545,43,male,2,free,little,rendah,1,0,0
546,37,female,2,own,little,rendah,0,1,0
547,32,male,2,own,little,rendah,1,1,0
548,24,female,1,own,little,rendah,0,1,0
551,45,male,1,own,quite rich,rendah,1,1,2
552,34,male,2,own,little,tinggi,1,1,0
553,27,male,2,own,moderate,rendah,1,1,1
554,67,female,3,own,little,rendah,0,1,0
555,22,male,2,own,little,rendah,1,1,0
556,28,female,2,own,moderate,rendah,0,1,1
558,27,male,2,own,little,tinggi,1,1,0
559,31,male,1,own,little,rendah,1,1,0
561,24,male,1,rent,little,rendah,1,2,0
562,29,female,2,own,little,rendah,0,1,0
565,23,female,2,rent,moderate,rendah,0,2,1
566,36,male,2,own,little,rendah,1,1,0
567,34,male,2,own,rich,rendah,1,1,3
569,31,female,2,own,little,tinggi,0,1,0
570,23,female,1,rent,little,tinggi,0,2,0
571,38,male,2,own,little,tinggi,1,1,0
573,22,female,1,own,little,rendah,0,1,0
574,27,male,1,own,little,rendah,1,1,0
575,24,female,2,own,little,rendah,0,1,0
576,27,female,2,own,little,rendah,0,1,0
578,27,male,2,own,little,rendah,1,1,0
579,27,male,1,own,little,rendah,1,1,0
580,30,male,2,own,little,rendah,1,1,0
581,49,male,1,own,little,rendah,1,1,0
582,26,female,2,rent,little,rendah,0,2,0
583,33,male,1,rent,little,rendah,1,2,0
585,20,female,2,rent,little,rendah,0,2,0
586,36,male,2,rent,little,rendah,1,2,0
587,21,male,1,own,little,rendah,1,1,0
588,47,male,1,own,little,rendah,1,1,0
589,60,male,2,own,little,rendah,1,1,0
590,58,female,1,own,little,rendah,0,1,0
592,36,female,1,own,rich,rendah,0,1,3
593,20,female,1,rent,little,rendah,0,2,0
595,32,female,1,own,moderate,rendah,0,1,1
596,23,female,2,rent,little,rendah,0,2,0
597,36,male,1,own,little,tinggi,1,1,0
598,31,male,2,own,little,rendah,1,1,0
599,32,male,2,free,little,tinggi,1,0,0
600,45,female,2,own,little,rendah,0,1,0
601,30,female,2,own,little,rendah,0,1,0
602,34,female,1,free,little,rendah,0,0,0
603,28,female,3,own,little,tinggi,0,1,0
604,23,female,2,own,little,rendah,0,1,0
605,22,male,2,own,quite rich,rendah,1,1,2
606,74,male,3,own,little,tinggi,1,1,0
607,50,female,2,free,moderate,rendah,0,0,1
608,33,male,2,own,little,rendah,1,1,0
610,22,female,2,own,moderate,rendah,0,1,1
611,48,female,1,free,moderate,rendah,0,0,1
612,29,female,2,own,rich,tinggi,0,1,3
613,22,female,2,rent,little,tinggi,0,2,0
614,22,female,2,own,little,rendah,0,1,0
617,37,male,2,rent,little,tinggi,1,2,0
618,21,female,2,rent,moderate,tinggi,0,2,1
619,49,male,1,own,little,rendah,1,1,0
620,27,male,2,own,little,tinggi,1,1,0
621,32,male,2,own,little,rendah,1,1,0
623,22,female,2,rent,little,rendah,0,2,0
624,65,male,2,free,little,rendah,1,0,0
626,41,male,2,own,little,rendah,1,1,0
627,29,male,2,own,moderate,rendah,1,1,1
628,36,male,2,own,quite rich,tinggi,1,1,2
630,28,female,2,own,little,tinggi,0,1,0
631,44,male,2,own,little,rendah,1,1,0
633,19,female,2,rent,little,rendah,0,2,0
634,25,female,1,own,little,rendah,0,1,0
635,47,male,2,own,little,rendah,1,1,0
636,28,female,2,own,quite rich,rendah,0,1,2
637,21,male,2,own,little,tinggi,1,1,0
638,34,female,2,own,little,rendah,0,1,0
639,26,male,2,own,little,tinggi,1,1,0
640,27,female,0,own,little,rendah,0,1,0
641,38,male,1,own,little,rendah,1,1,0
642,40,male,3,own,moderate,tinggi,1,1,1
643,33,male,2,own,little,rendah,1,1,0
644,32,male,3,own,little,rendah,1,1,0
646,32,male,2,own,little,tinggi,1,1,0
647,26,female,2,own,quite rich,rendah,0,1,2
648,38,male,2,free,little,rendah,1,0,0
649,40,male,1,rent,little,rendah,1,2,0
650,50,male,3,free,little,tinggi,1,0,0
651,37,male,1,own,little,rendah,1,1,0
652,45,male,2,own,little,rendah,1,1,0
653,42,male,3,own,moderate,tinggi,1,1,1
654,35,male,2,own,little,rendah,1,1,0
655,22,male,2,free,little,tinggi,1,0,0
656,41,male,1,own,little,rendah,1,1,0
658,28,female,2,own,little,tinggi,0,1,0
659,41,male,2,own,little,tinggi,1,1,0
660,23,male,2,rent,little,rendah,1,2,0
662,50,male,2,own,little,rendah,1,1,0
663,35,male,3,own,little,rendah,1,1,0
664,50,female,1,own,little,rendah,0,1,0
665,27,male,3,own,little,tinggi,1,1,0
666,34,male,2,own,rich,tinggi,1,1,3
667,27,female,2,own,little,tinggi,0,1,0
668,43,male,2,rent,little,tinggi,1,2,0
669,47,male,2,own,little,rendah,1,1,0
670,27,male,1,own,moderate,tinggi,1,1,1
671,31,male,2,own,moderate,tinggi,1,1,1
672,42,male,3,own,little,tinggi,1,1,0
673,24,male,2,own,quite rich,rendah,1,1,2
674,41,male,1,own,quite rich,rendah,1,1,2
675,26,female,3,rent,little,tinggi,0,2,0
676,33,male,2,own,little,tinggi,1,1,0
677,24,male,2,own,moderate,tinggi,1,1,1
678,64,male,1,rent,little,rendah,1,2,0
679,26,female,2,own,little,rendah,0,1,0
680,56,female,2,own,little,rendah,0,1,0
682,33,male,2,own,little,rendah,1,1,0
683,47,male,2,free,little,tinggi,1,0,0
684,31,male,1,own,moderate,tinggi,1,1,1
687,30,male,2,free,moderate,rendah,1,0,1
688,35,male,2,own,moderate,rendah,1,1,1
689,31,male,2,own,rich,tinggi,1,1,3
690,25,male,2,own,little,rendah,1,1,0
691,25,female,1,own,moderate,rendah,0,1,1
692,29,male,2,own,moderate,rendah,1,1,1
694,28,male,2,own,little,rendah,1,1,0
695,50,male,2,rent,quite rich,rendah,1,2,2
696,29,male,2,own,little,rendah,1,1,0
697,38,female,0,own,little,rendah,0,1,0
698,24,male,2,own,little,rendah,1,1,0
699,40,male,3,rent,little,rendah,1,2,0
700,29,female,1,rent,quite rich,rendah,0,2,2
701,46,male,2,free,little,tinggi,1,0,0
702,47,female,2,free,moderate,rendah,0,0,1
703,41,male,2,own,moderate,rendah,1,1,1
704,32,female,2,own,little,rendah,0,1,0
705,35,female,2,free,quite rich,tinggi,0,0,2
706,24,male,2,own,moderate,tinggi,1,1,1
707,25,female,2,rent,little,rendah,0,2,0
708,25,female,2,own,little,rendah,0,1,0
709,37,male,1,own,little,rendah,1,1,0
710,32,male,3,own,quite rich,rendah,1,1,2
711,35,female,2,free,little,rendah,0,0,0
713,25,male,1,own,little,rendah,1,1,0
714,27,male,3,own,little,tinggi,1,1,0
717,32,male,3,free,little,rendah,1,0,0
719,31,male,2,own,moderate,tinggi,1,1,1
720,34,male,3,own,little,rendah,1,1,0
721,24,female,2,rent,rich,rendah,0,2,3
722,24,female,1,own,little,rendah,0,1,0
723,66,female,1,own,quite rich,rendah,0,1,2
724,21,female,2,rent,little,rendah,0,2,0
725,41,female,1,own,rich,rendah,0,1,3
726,47,male,1,own,quite rich,rendah,1,1,2
727,25,female,2,rent,little,rendah,0,2,0
728,59,female,2,rent,little,tinggi,0,2,0
729,36,male,2,own,rich,rendah,1,1,3
730,33,male,2,own,little,tinggi,1,1,0
731,21,male,1,rent,little,rendah,1,2,0
732,44,female,1,own,little,rendah,0,1,0
733,28,female,2,rent,rich,rendah,0,2,3
734,37,female,2,own,little,tinggi,0,1,0
736,23,female,3,rent,little,tinggi,0,2,0
737,35,male,1,own,moderate,tinggi,1,1,1
738,45,male,3,own,little,tinggi,1,1,0
739,26,female,1,rent,moderate,tinggi,0,2,1
740,32,male,2,own,moderate,rendah,1,1,1
741,23,male,1,own,little,rendah,1,1,0
743,22,male,2,own,quite rich,rendah,1,1,2
745,28,male,1,own,little,rendah,1,1,0
746,23,female,2,rent,little,rendah,0,2,0
747,37,female,1,own,little,rendah,0,1,0
749,33,male,2,own,little,rendah,1,1,0
750,49,female,2,own,little,rendah,0,1,0
751,23,female,1,own,little,rendah,0,1,0
752,23,female,1,rent,moderate,rendah,0,2,1
753,25,female,2,own,little,tinggi,0,1,0
754,55,male,2,free,rich,rendah,1,0,3
756,74,male,0,own,little,rendah,1,1,0
758,31,male,2,own,little,rendah,1,1,0
759,35,male,2,own,little,rendah,1,1,0
761,24,female,2,rent,little,rendah,0,2,0
762,24,male,1,own,little,rendah,1,1,0
764,27,male,2,own,moderate,rendah,1,1,1
765,40,male,1,own,little,rendah,1,1,0
766,31,male,1,own,little,rendah,1,1,0
768,28,male,2,rent,little,tinggi,1,2,0
769,63,male,1,own,little,rendah,1,1,0
771,25,female,3,own,little,tinggi,0,1,0
772,36,male,3,own,little,tinggi,1,1,0
773,52,male,2,own,moderate,rendah,1,1,1
774,66,male,0,free,quite rich,rendah,1,0,2
776,37,male,2,own,little,tinggi,1,1,0
777,25,female,2,own,little,tinggi,0,1,0
778,38,male,3,own,rich,tinggi,1,1,3
779,67,female,2,own,little,tinggi,0,1,0
780,25,male,2,own,little,tinggi,1,1,0
781,60,male,2,own,rich,rendah,1,1,3
782,31,male,1,own,little,rendah,1,1,0
783,23,female,1,own,moderate,rendah,0,1,1
785,35,male,1,own,rich,rendah,1,1,3
786,40,male,2,own,quite rich,rendah,1,1,2
788,50,male,2,free,little,tinggi,1,0,0
789,27,male,2,own,little,tinggi,1,1,0
790,39,female,2,own,little,rendah,0,1,0
793,51,male,2,free,little,rendah,1,0,0
794,32,male,2,rent,quite rich,rendah,1,2,2
795,22,female,2,rent,moderate,rendah,0,2,1
797,22,female,1,rent,little,rendah,0,2,0
800,54,male,2,free,little,rendah,1,0,0
801,48,female,1,rent,little,rendah,0,2,0
802,24,female,2,own,little,tinggi,0,1,0
805,24,male,2,own,little,tinggi,1,1,0
806,26,male,1,own,little,rendah,1,1,0
808,55,male,3,free,little,tinggi,1,0,0
809,26,female,0,rent,little,rendah,0,2,0
810,26,male,2,own,little,rendah,1,1,0
811,28,male,1,own,little,rendah,1,1,0
812,24,male,2,own,little,tinggi,1,1,0
813,54,male,2,own,little,rendah,1,1,0
814,46,male,2,free,little,tinggi,1,0,0
815,54,female,2,rent,little,tinggi,0,2,0
816,62,male,2,own,quite rich,rendah,1,1,2
817,24,female,2,rent,little,rendah,0,2,0
818,43,male,3,own,little,tinggi,1,1,0
819,26,male,2,own,little,rendah,1,1,0
820,27,male,2,own,little,rendah,1,1,0
821,24,male,2,own,little,rendah,1,1,0
822,41,male,2,own,little,rendah,1,1,0
823,47,male,1,own,little,rendah,1,1,0
824,35,male,3,own,little,tinggi,1,1,0
825,30,male,2,own,little,rendah,1,1,0
826,33,female,2,rent,little,tinggi,0,2,0
827,36,male,2,own,little,tinggi,1,1,0
830,44,male,2,own,quite rich,rendah,1,1,2
831,23,female,2,rent,little,rendah,0,2,0
832,29,male,2,rent,little,tinggi,1,2,0
834,25,female,1,own,little,rendah,0,1,0
835,48,male,2,own,little,rendah,1,1,0
837,23,female,1,rent,little,rendah,0,2,0
838,63,male,2,own,little,rendah,1,1,0
839,46,male,2,own,little,rendah,1,1,0
840,29,male,2,own,little,tinggi,1,1,0
841,28,male,1,own,little,rendah,1,1,0
842,23,female,2,own,little,rendah,0,1,0
843,50,male,2,own,little,rendah,1,1,0
844,47,male,2,own,little,tinggi,1,1,0
847,28,male,2,own,little,rendah,1,1,0
848,59,male,2,own,little,rendah,1,1,0
849,57,male,1,own,little,rendah,1,1,0
850,33,male,2,rent,little,rendah,1,2,0
852,35,male,2,free,little,rendah,1,0,0
853,32,male,1,free,little,rendah,1,0,0
854,45,male,2,own,little,tinggi,1,1,0
855,33,male,2,own,moderate,rendah,1,1,1
857,28,male,2,free,little,tinggi,1,0,0
858,29,female,2,own,little,tinggi,0,1,0
859,26,male,2,rent,moderate,tinggi,1,2,1
860,27,male,2,own,rich,tinggi,1,1,3
861,28,male,2,own,little,rendah,1,1,0
862,35,female,2,own,little,rendah,0,1,0
863,32,male,1,own,rich,tinggi,1,1,3
864,25,male,1,rent,little,rendah,1,2,0
865,20,female,2,rent,quite rich,rendah,0,2,2
866,27,female,2,own,little,rendah,0,1,0
867,42,male,2,own,little,tinggi,1,1,0
869,24,female,2,rent,little,rendah,0,2,0
870,40,female,2,own,quite rich,tinggi,0,1,2
871,46,male,2,own,little,rendah,1,1,0
872,26,male,2,own,moderate,rendah,1,1,1
874,29,male,1,own,little,tinggi,1,1,0
875,40,female,2,own,rich,rendah,0,1,3
876,36,male,3,free,little,rendah,1,0,0
877,28,male,2,own,little,tinggi,1,1,0
878,27,male,3,free,little,rendah,1,0,0
880,38,male,3,own,little,tinggi,1,1,0
883,65,female,0,own,little,rendah,0,1,0
884,43,male,2,own,little,tinggi,1,1,0
885,53,female,2,own,little,rendah,0,1,0
887,23,male,2,own,little,tinggi,1,1,0
888,34,male,3,own,little,tinggi,1,1,0
890,43,male,3,own,little,rendah,1,1,0
891,46,male,2,own,little,rendah,1,1,0
892,38,male,1,own,little,rendah,1,1,0
893,34,male,2,own,little,tinggi,1,1,0
896,28,female,3,rent,little,rendah,0,2,0
897,35,female,2,own,rich,rendah,0,1,3
899,42,male,2,own,little,tinggi,1,1,0
900,43,male,2,rent,little,rendah,1,2,0
904,36,male,3,own,little,rendah,1,1,0
905,20,male,3,rent,little,rendah,1,2,0
908,46,female,1,own,little,tinggi,0,1,0
910,34,female,2,own,little,tinggi,0,1,0
911,25,female,1,own,little,tinggi,0,1,0
913,28,male,2,own,rich,rendah,1,1,3
914,31,male,2,rent,little,tinggi,1,2,0
915,32,female,3,own,little,tinggi,0,1,0
916,32,male,2,own,moderate,rendah,1,1,1
917,68,male,3,own,little,tinggi,1,1,0
918,33,male,2,own,moderate,rendah,1,1,1
919,39,male,3,rent,little,tinggi,1,2,0
920,28,female,2,own,little,rendah,0,1,0
921,37,male,3,own,quite rich,tinggi,1,1,2
922,22,female,2,rent,little,rendah,0,2,0
923,30,male,2,rent,little,rendah,1,2,0
924,55,male,2,own,little,tinggi,1,1,0
925,46,male,2,own,little,rendah,1,1,0
926,21,female,2,rent,little,rendah,0,2,0
927,39,male,2,free,little,tinggi,1,0,0
929,43,male,1,own,little,rendah,1,1,0
930,24,male,1,own,little,rendah,1,1,0
931,22,female,2,own,little,rendah,0,1,0
932,30,male,2,own,little,rendah,1,1,0
933,42,male,2,own,quite rich,rendah,1,1,2
934,23,female,2,own,little,rendah,0,1,0
935,30,male,3,own,moderate,rendah,1,1,1
936,28,female,1,own,little,rendah,0,1,0
937,30,male,3,rent,little,rendah,1,2,0
938,42,male,2,free,little,tinggi,1,0,0
941,31,male,1,own,little,rendah,1,1,0
943,42,male,1,own,little,rendah,1,1,0
944,46,female,2,rent,little,rendah,0,2,0
945,30,female,2,own,quite rich,tinggi,0,1,2
946,30,male,2,free,quite rich,tinggi,1,0,2
948,43,male,1,own,little,rendah,1,1,0
949,31,male,2,own,moderate,tinggi,1,1,1
950,40,male,0,own,little,tinggi,1,1,0
951,24,male,2,own,little,rendah,1,1,0
952,28,female,2,rent,quite rich,tinggi,0,2,2
953,26,female,3,own,little,tinggi,0,1,0
954,29,female,2,own,little,rendah,0,1,0
955,57,female,3,rent,rich,rendah,0,2,3
957,37,male,1,own,little,rendah,1,1,0
958,45,male,1,own,little,tinggi,1,1,0
959,30,male,2,free,moderate,rendah,1,0,1
960,30,male,2,rent,little,rendah,1,2,0
961,47,male,2,own,little,rendah,1,1,0
963,35,male,2,own,quite rich,rendah,1,1,2
964,22,male,1,own,little,rendah,1,1,0
966,23,male,1,own,quite rich,rendah,1,1,2
967,54,female,3,rent,little,tinggi,0,2,0
969,40,male,1,own,little,tinggi,1,1,0
970,22,male,2,own,moderate,rendah,1,1,1
971,43,male,1,own,little,tinggi,1,1,0
972,29,female,0,rent,little,rendah,0,2,0
973,36,male,2,rent,little,tinggi,1,2,0
974,33,female,2,own,little,rendah,0,1,0
975,57,female,1,own,quite rich,rendah,0,1,2
976,64,female,2,own,little,rendah,0,1,0
978,47,male,1,own,little,rendah,1,1,0
979,25,male,2,rent,moderate,rendah,1,2,1
980,49,male,2,own,little,tinggi,1,1,0
981,33,male,3,rent,little,tinggi,1,2,0
982,28,female,3,own,moderate,rendah,0,1,1
983,26,male,2,own,little,tinggi,1,1,0
984,30,male,1,own,little,rendah,1,1,0
985,25,female,2,rent,little,rendah,0,2,0
986,33,male,2,own,little,tinggi,1,1,0
987,64,female,2,own,moderate,rendah,0,1,1
988,29,male,3,free,little,tinggi,1,0,0
989,48,male,1,own,little,rendah,1,1,0
991,34,male,1,own,moderate,rendah,1,1,1
993,30,male,3,own,little,tinggi,1,1,0
995,31,female,1,own,little,rendah,0,1,0
996,40,male,3,own,little,tinggi,1,1,0
997,38,male,2,own,little,rendah,1,1,0
998,23,male,2,free,little,rendah,1,0,0
999,27,male,2,own,moderate,tinggi,1,1,1